{"input_data":[[0.0821458,0.05793174,0.04044203]],"output_data":[[0.0546875,0.1328125,0.078125,0.109375,0.21875,0.109375,0.0546875,0.0859375,0.03125,0.0546875,0.0625,0.0078125,0.1328125,0.2265625,0.09375,0.078125,0.1640625,0.0859375,0.0625,0.0859375,0.0234375,0.1171875,0.1796875,0.0625,0.0546875,0.09375,0.0390625]]}
